,지역,상호,주소,상표,전화번호,셀프여부,고급휘발유,휘발유,경유,실내등유
0,서울특별시,오일프러스 셀프,서울 강남구 남부순환로 2651 (도곡동),SK에너지,02-3462-5100,Y,1587,1423,1229,-
1,서울특별시,(주)보성 세곡주유소,서울 강남구  헌릉로 731 (세곡동),SK에너지,02-445-6870,Y,-,1425,1225,-
2,서울특별시,현대오일뱅크 도곡셀프주유소,서울 강남구  남부순환로 2718 (도곡2동),현대오일뱅크,02-529-5101,Y,1597,1433,1239,-
3,서울특별시,GS칼텍스(주)직영 산성주유소,서울 강남구 헌릉로 730,GS칼텍스,02-2226-4963,Y,-,1445,1245,-
4,서울특별시,현대오일뱅크(주) 유진주유소,서울 강남구 논현로 152 (도곡동),현대오일뱅크,02-3462-5215,N,1612,1448,1254,1070
5,서울특별시,방죽주유소,서울 강남구 밤고개로 215 (율현동),GS칼텍스,02-459-3434,Y,-,1449,1249,-
6,서울특별시,자곡셀프주유소,서울 강남구 밤고개로 120 (자곡동),SK에너지,02-445-5841,Y,-,1462,1253,-
7,서울특별시,SK서광주유소,서울 강남구 역삼로 142,SK에너지,02-562-4855,Y,1625,1465,1265,-
8,서울특별시,에쓰-오일㈜직영 개나리주유소,서울 강남구 언주로 423 (역삼동),S-OIL,02-564-0187,N,1625,1475,1275,-
9,서울특별시,SK에너지(주) 매봉주유소,서울 강남구 언주로 307,SK에너지,02-556-5510,Y,1625,1475,1275,-
10,서울특별시,(주)선진도곡주유소,서울 강남구 도곡로 162 (도곡동),S-OIL,02-2058-3024,N,1615,1475,1275,-
11,서울특별시,SK에너지㈜ 진달래주유소,서울 강남구 도곡로 208,SK에너지,02-3462-0018,N,1605,1475,1275,-
12,서울특별시,지에스칼텍스㈜ 은마주유소,서울 강남구 영동대로 235,GS칼텍스,02-3452-1882,N,1635,1485,1295,-
13,서울특별시,지에스칼텍스㈜ 주성주유소,서울 강남구 영동대로 716,GS칼텍스,02-518-3460,N,1635,1485,1295,-
14,서울특별시,지에스칼텍스㈜ GS타워주유소,서울 강남구 논현로 516 (역삼동),GS칼텍스,02-539-5145,N,1698,1485,1315,-
15,서울특별시,역삼주유소,서울 강남구 역삼로 205 (역삼동),GS칼텍스,02-557-5189,N,1675,1495,1295,-
16,서울특별시,(유)동하석유 힐탑셀프주유소,서울 강남구 논현로 640,SK에너지,02-544-4075,Y,1695,1497,1295,-
17,서울특별시,대동석유 압구정주유소,서울 강남구 언주로 842 (신사동),SK에너지,02-545-6161,Y,1695,1498,1298,-
18,서울특별시,현대오일뱅크㈜직영 오천주유소,서울 강남구 봉은사로 503 (삼성동),현대오일뱅크,02-545-2822,N,1678,1498,1298,1195
19,서울특별시,지에스칼텍스㈜ 삼성로주유소,서울 강남구 삼성로 563 (삼성동),GS칼텍스,02-538-5138,Y,1658,1498,1298,-
20,서울특별시,현대오일뱅크㈜직영 삼성동주유소,서울 강남구 테헤란로 619 (삼성동),현대오일뱅크,02-508-6572,N,1637,1528,1365,-
21,서울특별시,(주)중앙에너비스 수서지점,서울 강남구 광평로 202 (수서동),SK에너지,070-8707-4582,Y,1768,1528,1328,-
22,서울특별시,일원주유소,서울 강남구 양재대로55길 3 (일원동),S-OIL,02-2226-5188,Y,-,1538,1338,1200
23,서울특별시,에스제이에너지산업(주) 개포주유소,서울 강남구 양재대로 339,GS칼텍스,02-573-9031,N,1790,1538,1328,1200
24,서울특별시,대교주유소,서울 강남구 강남대로 640 (신사동),SK에너지,02-512-5521,N,1750,1550,1350,-
25,서울특별시,현대오일뱅크(주)직영 신사현대주유소,서울 강남구 도산대로 163 (신사동),현대오일뱅크,02-546-2182,N,1896,1596,1432,-
26,서울특별시,현대오일뱅크(주)직영 한양주유소,서울 강남구 압구정로 302 (신사동),현대오일뱅크,02-3444-0804,N,1848,1618,1388,-
27,서울특별시,㈜새서울석유 새서울주유소,서울 강남구 압구정로 154,현대오일뱅크,02-543-1154,N,1923,1697,1497,1350
28,서울특별시,명품주유소,서울 강남구 도곡로 249 (역삼동),S-OIL,02-501-1256,N,1888,1758,1588,-
29,서울특별시,대성석유(주)동호주유소,서울 강남구 봉은사로113길 51,GS칼텍스,02-545-0720,N,1947,1847,1647,-
30,서울특별시,대청주유소,서울 강남구 개포로 654 (일원동),SK에너지,02-445-5500,N,2086,1856,1649,1499
31,서울특별시,경원주유소,서울 강남구 도산대로 428 (청담동),S-OIL,02-517-1957,N,2116,1918,1698,-
32,서울특별시,갤러리아주유소,서울 강남구 압구정로 426,SK에너지,02-540-4965,N,2118,1920,1695,1310
33,서울특별시,SK논현주유소,서울 강남구 논현로 747 (논현동),SK에너지,02-511-0955,N,2138,1938,1758,1350
34,서울특별시,(주)만정에너지,서울 강남구 봉은사로 433 (삼성동),GS칼텍스,02-518-5141,N,2129,1953,1699,1359
35,서울특별시,학여울주유소,서울 강남구  남부순환로 3170 (일원2동),GS칼텍스,02-3411-3271,N,2147,1956,1699,-
36,서울특별시,(주)소모에너지엔테크놀러지 쎈트럴주유소,서울 강남구 삼성로 335,GS칼텍스,02-565-0267,N,2097,1988,1698,1200
37,서울특별시,뉴서울(강남),서울 강남구 언주로 716 (논현동),SK에너지,02-518-5631,N,2370,2075,1895,1350
38,서울특별시,삼성주유소,서울 강남구 삼성로 521 (삼성동),SK에너지,02-538-0809,N,-,-,-,-
39,서울특별시,동우주유소,서울특별시 강남구  봉은사로 311 (논현동),SK에너지,02-542-6726,N,-,-,-,-
40,서울특별시,구천면주유소,서울 강동구 구천면로 357 (암사동),현대오일뱅크,02-441-0536,N,-,1443,1247,-
41,서울특별시,현대오일뱅크㈜직영 고속셀프주유소,서울 강동구 천호대로 1246,현대오일뱅크,02-487-2030,Y,1598,1456,1258,998
42,서울특별시,현대오일뱅크㈜직영 명일셀프주유소,서울 강동구 고덕로 168 (명일동),현대오일뱅크,02-3428-1739,Y,1625,1459,1265,-
43,서울특별시,지에스칼텍스㈜ 신월주유소,서울 강동구 양재대로 1323 (성내동),GS칼텍스,02-475-2600,N,1668,1468,1268,1000
44,서울특별시,지에스칼텍스㈜ 동서울주유소,서울 강동구 천호대로 1456 (상일동),GS칼텍스,02-426-5372,Y,-,1468,1268,-
45,서울특별시,주)지유에너지직영 오렌지주유소,서울 강동구 성안로 102 (성내동),SK에너지,02-484-6165,N,-,1474,1282,1101
46,서울특별시,방아다리주유소,서울 강동구 동남로 811 (명일동),SK에너지,02-442-5145,Y,-,1475,1275,975
47,서울특별시,현대오일뱅크㈜직영 암사셀프주유소,서울 강동구 올림픽로 749 (암사동),현대오일뱅크,02-3427-2043,Y,1618,1475,1269,-
48,서울특별시,(주)퍼스트오일 코알라주유소,서울특별시 강동구  올림픽로 556 (성내동),S-OIL,02-484-1162,Y,-,1478,1278,-
49,서울특별시,sk해뜨는주유소,서울 강동구  상일로 132 (강일동),SK에너지,02-442-7801,Y,-,1495,1298,1000
50,서울특별시,천호현대주유소,서울 강동구 천중로 67 (천호동),현대오일뱅크,02-484-9323,N,-,1497,1297,1100
51,서울특별시,대성석유(주)직영 길동주유소,서울 강동구 천호대로 1168,GS칼텍스,02-474-7222,N,1698,1498,1298,1000
52,서울특별시,(주)삼표에너지 고덕주유소,서울 강동구 고덕로 39 (암사동),GS칼텍스,02-441-3327,N,1708,1508,1309,1133
53,서울특별시,(주)소모에너지엔테크놀러지 성내주유소,서울 강동구 올림픽로 578 (성내동),GS칼텍스,02-479-3838,Y,-,1528,1328,-
54,서울특별시,광성주유소,서울 강동구 올림픽로 673 (천호동),S-OIL,02-470-5133,N,-,1548,1348,1230
55,서울특별시,강동주유소,서울 강동구 양재대로 1509 (길동),SK에너지,02-477-5101,N,2178,1943,1697,1127
56,서울특별시,수유동주유소,서울 강북구 도봉로 395 (수유동),GS칼텍스,02-902-9470,Y,-,1391,1191,-
57,서울특별시,(주)석산에너지,서울 강북구 삼양로 316 (수유동),현대오일뱅크,02-980-1448,Y,-,1399,1199,900
58,서울특별시,북서울고속주유소,서울 강북구 삼양로 410 (수유동),S-OIL,02-907-5182,Y,-,1399,1199,-
59,서울특별시,덕릉로주유소,서울 강북구 덕릉로 158 (번동),S-OIL,02-989-9806,N,-,1414,1215,-
60,서울특별시,㈜지에스이앤알 미아주유소,서울 강북구 도봉로 122 (미아동),GS칼텍스,02-987-5152,Y,1595,1415,1215,-
61,서울특별시,KH에너지(주)직영 송정주유소,서울 강북구 인수봉로 185 (수유동),SK에너지,02-993-5189,N,-,1419,1219,-
62,서울특별시,에덴주유소,서울 강북구 월계로 195 (번동),SK에너지,02-987-8182,Y,-,1427,1227,-
63,서울특별시,현대오일뱅크(주)직영 번동셀프주유소,서울 강북구 한천로 963 (번동),현대오일뱅크,02-992-3331,Y,1599,1429,1229,-
64,서울특별시,현대오일뱅크(주)직영 미아셀프주유소,서울 강북구 도봉로 200 (미아동),현대오일뱅크,02-945-7999,Y,1599,1429,1229,-
65,서울특별시,현대오일뱅크㈜직영 새한셀프주유소,서울 강북구 도봉로 75,현대오일뱅크,02-985-4382,Y,1584,1429,1229,-
66,서울특별시,SK에너지(주) 매일주유소,서울 강북구 삼양로 217 (미아동),SK에너지,02-982-8855,Y,-,1439,1239,-
67,서울특별시,세원주유소,서울 강북구 한천로 918 (번동),SK에너지,02-907-6890,Y,-,1449,1249,900
68,서울특별시,대성석유(주)신광주유소,서울 강북구 삼양로 484,GS칼텍스,02-908-3320,N,-,1449,1249,1000
69,서울특별시,화곡역주유소,서울 강서구 강서로 154 (화곡동),알뜰주유소,02-2691-5151,Y,-,1387,1187,-
70,서울특별시,뉴신정주유소,서울 강서구 곰달래로 207(화곡동),알뜰주유소,02-2601-0077,N,-,1387,1187,-
71,서울특별시,스카이주유소,서울 강서구 개화동로 457 (방화동),S-OIL,02-2663-5146,Y,1575,1397,1198,-
72,서울특별시,방화주유소,서울 강서구 방화동로 58-2 (방화동),SK에너지,02-2662-0503,N,-,1402,1202,1100
73,서울특별시,강서오곡셀프주유소,서울 강서구 벌말로 254 (오곡동),SK에너지,032-671-5186,Y,-,1405,1205,-
74,서울특별시,유턴주유소,서울 강서구 남부순환로 57,알뜰주유소,02-2665-5047,Y,-,1405,1205,955
75,서울특별시,행촌에너지 공항주유소,서울 강서구 개화동로 420 (개화동),현대오일뱅크,02-2665-5189,Y,-,1409,1209,-
76,서울특별시,지에스칼텍스㈜ 경인고속주유소,서울 강서구 국회대로 225 (화곡동),GS칼텍스,02-2608-5151,Y,1565,1415,1215,1100
77,서울특별시,KH에너지(주)직영 KH외발산주유소,서울 강서구 방화대로 30,SK에너지,032-677-9497,Y,1697,1415,1215,-
78,서울특별시,목화주유소,서울 강서구 국회대로 251 (화곡동),SK에너지,02-2654-4564,Y,-,1417,1227,-
79,서울특별시,개화주유소,서울 강서구 양천로 57,SK에너지,02-2661-5555,Y,-,1427,1227,-
80,서울특별시,(주)한진 김포공항주유소,서울 강서구 하늘길 259,S-OIL,02-2662-0422,Y,-,1429,1239,1020
81,서울특별시,현대오일뱅크㈜직영 강서제일셀프주유소,서울 강서구 화곡로 273 (화곡동),현대오일뱅크,02-2695-4544,Y,-,1444,1245,-
82,서울특별시,현대오일뱅크 등촌주유소,서울 강서구 등촌로 189 (등촌동),현대오일뱅크,02-2647-5700,N,-,1447,1257,-
83,서울특별시,화곡현대주유소,서울 강서구 강서로 151 (화곡동),SK에너지,02-2607-1942,Y,1625,1453,1253,-
84,서울특별시,신화곡주유소,서울 강서구 국회대로 71,S-OIL,02-2611-3161,Y,-,1455,1255,-
85,서울특별시,강서열린점,서울 강서구 등촌로 213 (등촌동),GS칼텍스,02-2647-9091,N,-,1457,1257,1250
86,서울특별시,우장산주유소,서울 강서구 강서로 292 (내발산동),SK에너지,02-3664-7163,N,-,1458,1277,1150
87,서울특별시,현대오일뱅크㈜직영 에어포트주유소,서울 강서구 개화동로 519 (방화동),현대오일뱅크,02-2664-1900,N,-,1459,1259,-
88,서울특별시,현대오일뱅크 양화교주유소,서울 강서구 공항대로 653 (염창동),현대오일뱅크,02-3665-2004,N,1614,1471,1264,1000
89,서울특별시,대성석유(주)방화대성주유소,서울 강서구 양천로 176,GS칼텍스,02-3663-7781,Y,1699,1485,1295,-
90,서울특별시,대성석유(주) 마곡대성주유소,서울 강서구 강서로 457,GS칼텍스,02-3664-7781,Y,1699,1485,1295,-
91,서울특별시,하이웨이주유소,서울특별시 강서구 공항대로 432(화곡동),S-OIL,02-2605-4000,Y,1577,1487,1357,-
92,서울특별시,대성석유(주)직영관문주유소,서울 강서구 공항대로 314,GS칼텍스,02-3665-2051,N,1699,1488,1307,1000
93,서울특별시,KH에너지(주)직영 가양주유소,서울 강서구 강서로 498 (가양동),SK에너지,02-3664-6051,N,1729,1495,1305,-
94,서울특별시,세원제1주유소,서울 강서구 양천로 311 (가양동),SK에너지,02-3663-5151,Y,-,1495,1295,-
95,서울특별시,대성주유소,서울 강서구 강서로 472 (등촌동),GS칼텍스,02-3661-6102,N,-,1495,1305,-
96,서울특별시,현대오일뱅크(주) 가양주유소,서울 강서구  양천로 391 (가양동),현대오일뱅크,02-3661-9470,N,1619,1499,1299,-
97,서울특별시,(주)한진 김포공항제2주유소,서울 강서구 하늘길 112,S-OIL,02-2661-8892,Y,-,1505,1309,-
98,서울특별시,박물관주유소,서울 강서구 양천로53길 97 (가양동),GS칼텍스,02-3665-5189,N,-,1518,1318,1128
99,서울특별시,코리나(주)청룡주유소,서울 강서구 양천로 576 (등촌동),SK에너지,02-3661-1575,N,-,1518,1318,1100
100,서울특별시,참솔에너지,서울 강서구 벌말로 281 (오곡동),S-OIL,070-8844-8282,Y,-,1615,1415,-
101,서울특별시,염창동주유소,서울 강서구 양천로 720 (염창동),SK에너지,02-3664-4134,N,-,1738,1508,-
102,서울특별시,(주)연우에너지 신관주유소,서울 관악구 신림로 290 (신림동),알뜰주유소,02-871-1356,Y,-,1428,1228,1100
103,서울특별시,(주)엠오티이엔지 직영 삼화주유소,서울 관악구 보라매로 41 (봉천동),알뜰주유소,02-889-8929,N,-,1439,1239,1000
104,서울특별시,현대오일뱅크(주)직영 관악셀프주유소,서울 관악구 남부순환로 1520 (신림동),현대오일뱅크,02-867-1877,Y,1640,1440,1240,-
105,서울특별시,서일석유(주)락성주유소,서울 관악구 남부순환로 1920 (봉천동),GS칼텍스,02-877-0867,Y,1624,1449,1269,990
106,서울특별시,SK에너지(주)직영 대공원주유소,서울 관악구 과천대로 921 (남현동),SK에너지,02-584-2522,N,-,1449,1269,-
107,서울특별시,SK에너지(주) 신봉천,서울 관악구 남부순환로 1880 (봉천동),SK에너지,02-885-5189,N,1568,1449,1269,1099
108,서울특별시,남현주유소,서울 관악구 남부순환로 2014,현대오일뱅크,02-521-4200,Y,-,1449,1269,-
109,서울특별시,현대주유소,서울 관악구 난곡로 108 (신림동),현대오일뱅크,02-851-9200,N,-,1459,1259,-
110,서울특별시,유림주유소,서울 관악구 신림로 176 (신림동),S-OIL,02-887-5145,N,-,1468,1268,1048
111,서울특별시,지에스칼텍스㈜ 난곡주유소,서울 관악구 난곡로 206,GS칼텍스,02-858-2003,N,-,1469,1269,-
112,서울특별시,대양석유(주)직영 보라매주유소,서울 관악구  보라매로 26 (봉천동),SK에너지,02-882-5189,Y,-,1469,1269,-
113,서울특별시,(주)한유에너지행운셀프주유소,서울 관악구 남부순환로 1883 (봉천동),SK에너지,02-871-5189,Y,1869,1479,1299,-
114,서울특별시,관악시몬주유소,서울특별시 관악구 남부순환로 1753 (봉천동),S-OIL,02-874-5185,N,-,1487,1297,-
115,서울특별시,한규상사 유정주유소,서울 관악구 남부순환로 1691 (봉천동),SK에너지,02-882-1154,N,-,1487,1297,1121
116,서울특별시,문성골주유소,서울 관악구 문성로 97 (신림동),현대오일뱅크,02-839-0081,N,-,1498,1298,1100
117,서울특별시,CJ대한통운㈜ 신림주유소,서울 관악구 남부순환로 1515 (신림동),GS칼텍스,02-2632-8612,N,-,1531,1331,-
118,서울특별시,평안주유소,서울 광진구 천호대로 630 (능동),알뜰주유소,02-446-0340,N,-,1429,1229,-
119,서울특별시,현대오일뱅크(주)직영 능동주유소,서울 광진구 천호대로 584 (능동),현대오일뱅크,02-452-7723,Y,1557,1429,1229,1000
120,서울특별시,태양주유소,서울 광진구 동일로 345 (중곡동),GS칼텍스,02-464-5141,N,-,1435,1235,-
121,서울특별시,정해네트웍스(주)일진주유소,서울 광진구 동일로 413 (중곡동),S-OIL,02-461-5152,Y,1577,1447,1247,-
122,서울특별시,대원주유소,서울 광진구 용마산로 122 (중곡동),S-OIL,02-444-1666,N,-,1449,1249,-
123,서울특별시,용마주유소,서울 광진구 용마산로 68 (중곡동),GS칼텍스,02-456-1884,N,-,1449,1249,1100
124,서울특별시,현대오일뱅크(주) 중원주유소,서울 광진구 동일로 398 (중곡동),현대오일뱅크,02-467-2410,N,1573,1454,1254,1100
125,서울특별시,현대오일뱅크(주)직영 중곡현대주유소,서울 광진구 동일로 435 (중곡동),현대오일뱅크,02-497-5151,N,1557,1454,1254,-
126,서울특별시,(주)장수주유소,서울 광진구 동일로 266 (군자동),SK에너지,02-498-1981,N,-,1464,1258,-
127,서울특별시,현대오일뱅크㈜직영 대명셀프주유소,서울 광진구 광나루로 460 (화양동),현대오일뱅크,02-2201-4392,Y,1589,1469,1269,-
128,서울특별시,현대오일뱅크㈜직영 장호셀프주유소,서울 광진구 자양로37 (자양동),현대오일뱅크,02-447-9796,Y,-,1469,1269,-
129,서울특별시,삼호주유소,서울 광진구 천호대로 809 (광장동),S-OIL,02-455-7200,Y,1718,1488,1258,-
130,서울특별시,대성산업(주)구의주유소,서울 광진구 광나루로 570 (구의동),GS칼텍스,02-457-0638,N,-,1489,1289,-
131,서울특별시,자양주유소,서울 광진구 아차산로 298 (자양동),SK에너지,02-457-7600,N,1687,1497,1297,-
132,서울특별시,강평주유소,서울 광진구 아차산로 616 (광장동),SK에너지,02-2201-0736,N,1738,1497,1297,1088
133,서울특별시,구의스타주유소,서울 광진구 자양로 103,GS칼텍스,02-457-4071,N,-,1510,1295,1030
134,서울특별시,동서울주유소,서울 광진구 강변역로 10 (구의동),GS칼텍스,02-444-3910,N,-,1529,1329,1050
135,서울특별시,SK구로주유소,서울 구로구 구일로 94 (구로동),SK에너지,02-868-5758,N,-,1398,1198,1098
136,서울특별시,신성주유소,서울 구로구 구로동로 187 (구로제2동),현대오일뱅크,02-866-5189,Y,-,1409,1209,1050
137,서울특별시,구인주유소,서울 구로구 경인로 558 (구로동),SK에너지,02-2677-5010,N,-,1417,1217,1100
138,서울특별시,(주)새서울석유 대원셀프주유소,서울 구로구 개봉로 7,현대오일뱅크,02-2612-3880,Y,-,1417,1217,-
139,서울특별시,항동주유소,서울 구로구 서해안로 2154 (항동),S-OIL,02-2611-1113,Y,-,1419,1219,-
140,서울특별시,서울석유(주)풀페이주유소,서울 구로구 경인로 41 (온수동),SK에너지,02-2613-7708,N,-,1425,1225,-
141,서울특별시,(주)한미석유구로그린주유소,서울 구로구 구로중앙로 76 (구로동),GS칼텍스,02-861-5189,Y,-,1425,1225,-
142,서울특별시,대성산업(주)디큐브주유소,서울 구로구 경인로 650 (신도림동),GS칼텍스,02-2633-7188,N,1628,1429,1209,-
143,서울특별시,처음처럼주유소,서울 구로구 오리로 1299 (궁동),S-OIL,02-2611-5051,N,-,1429,1229,850
144,서울특별시,근린공원주유소,서울 구로구 고척로 199 (고척동),S-OIL,02-2066-3700,N,-,1438,1248,1100
145,서울특별시,JHC에너지,서울 구로구 시흥대로 539,알뜰주유소,02-866-9553,N,-,1439,1239,-
146,서울특별시, 현대오일뱅크㈜직영 구로셀프주유소,서울 구로구 시흥대로 531,현대오일뱅크,02-856-1135,Y,1598,1439,1239,-
147,서울특별시,현대오일뱅크㈜직영 신오류주유소,서울 구로구 경인로 161 (오류동),현대오일뱅크,02-2687-4186,N,1550,1445,1245,1000
148,서울특별시,정은주유소,서울 구로구 경인로 407 (고척동),현대오일뱅크,02-2611-5183,N,-,1445,1255,1100
149,서울특별시,SK에너지(주)직영 개봉동주유소,서울 구로구 경인로 290 (개봉동),SK에너지,02-2616-5189,N,-,1449,1259,950
150,서울특별시,개봉주유소,서울 구로구 고척로 115 (개봉동),현대오일뱅크,02-2618-5145,Y,-,1449,1259,1100
151,서울특별시,현대오일뱅크(주)직영 신구로주유소,서울 구로구 가마산로 293 (구로동),현대오일뱅크,02-859-0051,N,1597,1458,1258,-
152,서울특별시,영진주유소,서울 구로구 구로동로 20 (가리봉동),S-OIL,02-861-6625,N,-,1476,1276,1100
153,서울특별시,동선주유소,서울 구로구 경인로 150 (오류동),GS칼텍스,02-2683-1126,N,-,1485,1285,-
154,서울특별시,시몬주유소,서울 구로구 부일로 871,S-OIL,02-2689-5185,N,-,1497,1297,-
155,서울특별시,동아주유소,서울 구로구  도림로 91 (구로동),S-OIL,02-855-1282,N,-,1648,1298,1100
156,서울특별시,구로주유소,서울 구로구 구로동로 137 (구로동),GS칼텍스,02-587-1251,N,-,1942,1728,1376
157,서울특별시,구광주유소,서울특별시 금천구  서부샛길 674 (가산동),S-OIL,02-868-6889,N,-,1415,1215,950
158,서울특별시,(주)진우에너지 백운주유소,서울 금천구 시흥대로 282 (독산동),알뜰주유소,02-894-8521,Y,-,1415,1215,1100
159,서울특별시,명보에너지,서울 금천구 시흥대로 377 (독산동),알뜰주유소,02-806-8336,N,-,1425,1225,-
160,서울특별시,(주)태영유업 독산고개,서울 금천구 시흥대로 484,현대오일뱅크,02-856-0283,Y,-,1434,1234,1100
161,서울특별시,지에스칼텍스(주)일신주유소,서울 금천구 시흥대로 118,GS칼텍스,02-896-5145,Y,1585,1435,1235,1000
162,서울특별시,현대오일뱅크(주)직영 금천현대셀프주유소,서울 금천구 독산로 147 (시흥동),현대오일뱅크,02-891-5189,Y,1580,1435,1235,-
163,서울특별시,대득에너지(금천셀프주유소),서울 금천구  시흥대로 81 (시흥동),GS칼텍스,02-805-7888,Y,-,1435,1235,-
164,서울특별시,남서울경복에너지,서울 금천구 독산로 257 (독산동),S-OIL,02-855-9880,Y,-,1435,1235,1050
165,서울특별시,백산주유소,서울특별시 금천구  시흥대로 174 (시흥동),S-OIL,02-807-3161,Y,-,1435,1235,-
166,서울특별시,KH에너지(주)직영시흥대로주유소,서울 금천구 시흥대로 221 (시흥동),SK에너지,02-892-5156,N,-,1445,1245,1000
167,서울특별시,현대오일뱅크㈜직영 금천제일주유소,서울 금천구 남부순환로 1410 (독산동),현대오일뱅크,02-859-5426,N,-,1449,1249,-
168,서울특별시,SK에너지(주) 이가주유소,서울 금천구 시흥대로 441,SK에너지,02-861-2241,N,-,1454,1254,-
169,서울특별시,SK에너지(주) 박미주유소,서울 금천구 시흥대로 39-7 (시흥동),SK에너지,02-802-6749,N,-,1464,1264,1150
170,서울특별시,배꽃나라주유소,서울 노원구 화랑로 466 (공릉동),GS칼텍스,02-973-5172,Y,1605,1425,1225,-
171,서울특별시,삼육주유소,서울 노원구 화랑로 822 (공릉동),SK에너지,02-949-3677,Y,-,1425,1225,1050
172,서울특별시,월계주유소,서울 노원구 월계로 252 (월계동),GS칼텍스,02-917-7650,Y,-,1429,1227,1049
173,서울특별시,태릉솔밭주유소,서울 노원구 노원로 49 (공릉동),S-OIL,02-976-5189,Y,1648,1442,1247,-
174,서울특별시,성북역주유소,서울 노원구 광운로 95 (월계동),GS칼텍스,02-919-8141,N,-,1448,1233,1150
175,서울특별시,한신주유소,서울 노원구 동일로 1089 (공릉동),SK에너지,02-974-5151,N,1658,1458,1258,1100
176,서울특별시,현대오일뱅크㈜직영 하계주유소,서울 노원구 노원로17길 29 (하계동),현대오일뱅크,02-975-1386,N,1695,1469,1279,995
177,서울특별시,신성주유소,서울 노원구 월계로 328 (월계동),S-OIL,02-916-4334,Y,-,1478,1278,-
178,서울특별시,불암주유소,서울 노원구 한글비석로 268 (중계동),S-OIL,02-932-6850,Y,-,1488,1288,-
179,서울특별시,(주)소모에너지엔테크놀러지 수락산주유소,서울 노원구 동일로 1772,GS칼텍스,02-3392-5656,Y,-,1498,1298,1100
180,서울특별시,노원주유소,서울 노원구 동일로 1008 (공릉동),GS칼텍스,02-949-5151,N,-,1499,1299,1100
181,서울특별시,하계삼호주유소,서울 노원구 공릉로 294 (하계동),GS칼텍스,02-974-8818,N,-,1525,1321,-
182,서울특별시,상계동주유소,서울 노원구 노원로26길 191 (상계동),현대오일뱅크,02-936-5035,N,-,1530,1330,1200
183,서울특별시,화랑대주유소,서울 노원구 화랑로 483,SK에너지,02-972-5189,Y,1798,1598,1398,1050
184,서울특별시,양지진흥개발(주)상계주유소,서울 노원구 노해로 527 (상계동),SK에너지,02-930-0111,N,-,-,-,-
185,서울특별시,삼미북부셀프주유소,서울 도봉구 도봉로 437 (쌍문동),SK에너지,02-992-5561,Y,-,1392,1192,1100
186,서울특별시,한이에너지(주)KLP제1주유소,서울 도봉구 도봉로 596 (창동),현대오일뱅크,02-902-5189,N,-,1409,1209,-
187,서울특별시,도봉제일주유소(주)송만에너지,서울 도봉구 도봉로 783 (도봉동),현대오일뱅크,02-955-5185,N,-,1409,1209,950
188,서울특별시,정다운셀프주유소, 서울특별시 도봉구 도봉로 635 (쌍문동),SK에너지,02-996-5151,Y,-,1415,1215,-
189,서울특별시,현대오일뱅크㈜직영 도봉현대셀프주유소,서울 도봉구 도봉로 941 (도봉동),현대오일뱅크,02-3492-7371,Y,-,1415,1215,-
190,서울특별시,극동유화(주)대안주유소,서울 도봉구 마들로 574 (창동),S-OIL,02-996-6640,Y,-,1415,1215,-
191,서울특별시,쌍문주유소,서울 도봉구 도봉로 547 (쌍문동),S-OIL,02-992-0220,Y,-,1418,1218,1000
192,서울특별시,서현주유소,서울 도봉구 방학로 142 (방학동),S-OIL,02-954-5400,Y,-,1418,1218,-
193,서울특별시,지에스칼텍스㈜ 도봉주유소,서울 도봉구 도봉로 895 (도봉동),GS칼텍스,02-954-0118,Y,1575,1419,1219,1000
194,서울특별시,지에스칼텍스㈜ 방학동주유소,서울 도봉구 방학로 186,GS칼텍스,02-3493-5189,Y,1575,1419,1219,1000
195,서울특별시,동일석유(주) 창동주유소,서울 도봉구  도봉로 434 (창동),SK에너지,02-902-5544,Y,-,1428,1228,-
196,서울특별시,구도일주유소 도봉,서울 도봉구 도봉로 706 (방학동),S-OIL,02-3491-3454,Y,-,1429,1239,1100
197,서울특별시,노원교주유소,서울 도봉구 마들로 776 (도봉동),현대오일뱅크,02-956-5189,Y,-,1453,1253,-
198,서울특별시,(주)쌍문셀프주유소,서울 도봉구 노해로 161 (쌍문동),현대오일뱅크,02-998-9704,Y,-,1455,1255,1000
199,서울특별시,현대오일뱅크㈜직영 영신주유소,서울 도봉구 방학로 151,현대오일뱅크,02-956-5152,N,1796,1459,1259,950
200,서울특별시,대성산업(주)신창주유소,서울 도봉구 덕릉로 267 (창동),GS칼텍스,02-905-4441,N,-,1459,1258,-
201,서울특별시,오복주유소,서울 도봉구 방학로 43,S-OIL,02-3494-1500,Y,1885,1488,1278,1000
202,서울특별시,창동제일주유소,서울 도봉구 해등로3길 86 (창동),S-OIL,02-906-5104,N,-,1498,1298,-
203,서울특별시,풍한주유소,서울 동대문구 안암로 168,SK에너지,02-924-5189,N,-,1415,1215,-
204,서울특별시,(주)경동주유소,서울 동대문구 이문로 191 (이문동),S-OIL,02-965-6006,Y,-,1417,1217,1000
205,서울특별시,웰컴주유소,서울 동대문구 한천로 414 (이문동),현대오일뱅크,02-969-1144,N,-,1425,1215,-
206,서울특별시,재정제2주유소,서울 동대문구 사가정로 90 (전농동),현대오일뱅크,02-2249-6682,Y,-,1429,1229,-
207,서울특별시,재정주유소,서울 동대문구 전농로 121 (전농동),현대오일뱅크,070-8256-4617,N,-,1429,1229,1200
208,서울특별시,재원에너지(주)용일주유소,서울 동대문구 안암로 54 (용두동),GS칼텍스,02-3291-5151,N,-,1432,1233,-
209,서울특별시,배봉로주유소,서울 동대문구 서울시립대로 108,현대오일뱅크,02-2242-0556,Y,-,1445,1245,-
210,서울특별시,동일석유(주)강남주유소,서울특별시 동대문구  사가정로 103 (전농동),SK에너지,02-3394-5183,N,-,1448,1248,1200
211,서울특별시,대성산업㈜청량리주유소,서울 동대문구 왕산로 289 (청량리동),GS칼텍스,02-966-9400,Y,-,1457,1257,-
212,서울특별시,답십리주유소,서울 동대문구 답십리로 223 (답십리동),SK에너지,02-2213-9901,N,-,1458,1258,-
213,서울특별시,삼영주유소,서울 동대문구 답십리로 258 (장안동),SK에너지,02-2217-2017,N,-,1458,1258,1200
214,서울특별시,삼미상사(주)장안킹셀프주유소,서울 동대문구  한천로 100 (장안동),SK에너지,02-2242-7115,Y,-,1458,1258,-
215,서울특별시,열린주유소,서울 동대문구 한천로 263 (휘경동),GS칼텍스,02-2215-6543,N,-,1459,1259,-
216,서울특별시,(주)파랑에너지,서울 동대문구 망우로 126,GS칼텍스,02-2242-5145,Y,1595,1459,1259,900
217,서울특별시,대성산업(주)동마장주유소,서울 동대문구 고산자로 405 (용두동),GS칼텍스,02-966-5451,N,1658,1468,1268,-
218,서울특별시,홍능주유소,서울 동대문구 홍릉로 87 (청량리동),S-OIL,02-966-9190,N,-,1477,1277,1000
219,서울특별시,현대오일뱅크㈜직영 스피드주유소,서울 동대문구 천호대로 453 (장안동),현대오일뱅크,02-2216-5151,N,1618,1479,1279,-
220,서울특별시,삼원셀프주유소,서울 동대문구 망우로 90 (휘경동),SK에너지,02-2244-1972,Y,-,1498,1298,1000
221,서울특별시,오동나무주유소,서울 동대문구  한천로 81 (답십리동),S-OIL,02-2247-5132,N,-,1498,1298,1200
222,서울특별시,한영주유소 (한화),서울 동대문구 망우로 38 (휘경동),현대오일뱅크,02-2214-9890,N,-,1599,1390,1100
223,서울특별시,능주주유소,서울 동대문구 청계천로 431 (신설동),SK에너지,02-2232-4245,N,-,1610,1410,-
224,서울특별시,신성주유소,서울 동대문구 장한로 29 (장안동),현대오일뱅크,02-2217-4574,N,-,-,-,-
225,서울특별시,창원이엔지주유소,서울 동작구 사당로 59 (상도동),현대오일뱅크,02-825-5151,N,-,1429,1229,-
226,서울특별시,(주)성림에너지 남성주유소,서울 동작구 동작대로 135 (사당동),GS칼텍스,02-532-0606,Y,-,1449,1269,-
227,서울특별시,지에스칼텍스(주) 대방주유소,서울 동작구 여의대방로 214,GS칼텍스,02-826-5145,N,1599,1449,1249,1000
228,서울특별시,현대오일뱅크(주)직영 사당셀프주유소,서울 동작구 동작대로 73 (사당동),현대오일뱅크,02-521-3618,Y,1649,1449,1269,-
229,서울특별시,현대오일뱅크㈜직영 신대방셀프주유소,서울 동작구 시흥대로 616 (신대방동),현대오일뱅크,02-832-7926,Y,1635,1459,1259,-
230,서울특별시,매일주유소,서울 동작구 상도로 139 (상도동),S-OIL,02-817-4085,N,-,1469,1339,1200
231,서울특별시,현대오일뱅크(주)직영 동작주유소,서울 동작구 상도로 403 (상도동),현대오일뱅크,02-817-9179,N,1649,1479,1299,-
232,서울특별시,대성산업(주) 노량진주유소,서울 동작구 노량진로 172 (노량진동),GS칼텍스,02-815-2354,N,-,1488,1288,1000
233,서울특별시,현대오일뱅크㈜직영 흑석동셀프주유소,서울 동작구 현충로 101 (흑석동),현대오일뱅크,02-815-0724,Y,1659,1489,1289,-
234,서울특별시,살피재주유소,서울 동작구 상도로 334,SK에너지,02-817-2559,N,-,1535,1345,-
235,서울특별시,에스오일(주) 염리동주유소,서울 마포구 백범로 126 (염리동),S-OIL,02-3272-5155,Y,-,1418,1218,-
236,서울특별시,성산주유소,서울 마포구 월드컵북로 170 (성산제2동),SK에너지,02-373-3314,N,-,1447,1247,-
237,서울특별시,용강주유소,서울 마포구 토정로 258,S-OIL,070-7795-4800,N,-,1466,1266,-
238,서울특별시,마포시엠주유소,서울 마포구 월드컵북로62 (성산동),GS칼텍스,02-336-1687,N,-,1467,1257,-
239,서울특별시,대흥주유소,서울 마포구 대흥로 61 (대흥동),SK에너지,02-3273-5151,N,1940,1468,1268,1243
240,서울특별시,청원주유소,서울 마포구 월드컵북로 113 (성산동),현대오일뱅크,02-325-5533,N,1798,1468,1268,-
241,서울특별시,현대오일뱅크㈜직영 성산대교주유소,서울 마포구 성산로 144,현대오일뱅크,02-323-0078,N,1798,1488,1288,1198
242,서울특별시,현대오일뱅크㈜직영 마포제일주유소,서울 마포구 서강로 76 (창전동),현대오일뱅크,02-336-5185,N,1798,1517,1318,1198
243,서울특별시,망원동주유소,서울 마포구 월드컵로 119 (망원동),SK에너지,02-334-0917,N,-,1518,1318,-
244,서울특별시,SK에너지(주) 안국주유소,서울 마포구 양화로 33 (합정동),SK에너지,02-3144-1197,N,1684,1584,1409,-
245,서울특별시,SK에너지 양지주유소,서울 마포구 마포대로 69 (도화동),SK에너지,02-706-8955,N,1809,1689,1529,-
246,서울특별시,마포주유소,서울 마포구 마포대로 186 (공덕동),S-OIL,02-701-3990,N,-,1757,1558,1197
247,서울특별시,서강주유소,서울 마포구 독막로 134 (창전동),SK에너지,02-338-2886,N,-,-,-,-
248,서울특별시,(주)창원이엔지 홍제지점,서울 서대문구 통일로 455 (홍제동),현대오일뱅크,02-379-0753,N,-,1419,1219,1200
249,서울특별시,(주)우남에너지,서울 서대문구 세검정로 87 (홍제동),S-OIL,02-395-4300,N,-,1419,1219,1050
250,서울특별시,(주)미래아스팔트 신우주유소,서울 서대문구 가좌로 106 (홍은동),S-OIL,02-304-5522,Y,-,1424,1223,-
251,서울특별시,세일석유(주) 구도일주유소 두꺼비,서울 서대문구 성산로 312,S-OIL,02-336-0611,Y,-,1424,1224,1100
252,서울특별시,행촌제2주유소,서울 서대문구 성산로 490 (대신동),SK에너지,02-365-5189,N,1663,1424,1224,-
253,서울특별시,지에스칼텍스(주)홍제동주유소,서울 서대문구 통일로 372,GS칼텍스,02-736-3708,Y,1595,1435,1235,1265
254,서울특별시,현대오일뱅크(주)직영 연세주유소,서울 서대문구 연희로 184,현대오일뱅크,02-337-8220,Y,1589,1439,1239,-
255,서울특별시,(주)가재울뉴타운주유소,서울 서대문구 모래내로 205,현대오일뱅크,070-8879-7864,Y,-,1442,1242,-
256,서울특별시,삼미상사(주)서부주유소,서울 서대문구 성산로 255,SK에너지,02-334-4919,Y,-,1443,1243,-
257,서울특별시,연희주유소,서울 서대문구 연희로 129 (연희동 89-7번지),SK에너지,02-338-8045,N,1739,1444,1244,-
258,서울특별시,남정주유소,서울 서대문구 모래내로 243 (남가좌동),GS칼텍스,02-305-9828,N,-,1447,1247,1200
259,서울특별시,현대오일뱅크㈜직영 독립문주유소,서울 서대문구 통일로 384 (홍제동),현대오일뱅크,02-735-0333,N,1628,1448,1182,-
260,서울특별시,광호주유소,서울 서대문구 연희로 266 (홍은동),SK에너지,02-395-7236,N,-,1474,1274,-
261,서울특별시,중앙에너비스 동교지점,서울 서대문구 연희로 12 (창천동),SK에너지,070-8707-4568,Y,1778,1478,1278,-
262,서울특별시,삼보셀프주유소,서울 서대문구 연희로 78 (연희동),SK에너지,02-336-6151,Y,-,1478,1278,-
263,서울특별시,만남의광장주유소,서울 서초구 양재대로12길 73-71,알뜰(ex),02-573-7430,Y,-,1375,1175,-
264,서울특별시,에쓰오일(주)직영 오토테크주유소,서울특별시 서초구  효령로 356 (서초동),S-OIL,02-585-5189,Y,1594,1444,1247,-
265,서울특별시,양재주유소,서울 서초구 바우뫼로 178,SK에너지,02-577-1621,N,1612,1445,1245,-
266,서울특별시,강남대로주유소,서울 서초구 강남대로 206 (양재동),S-OIL,02-579-7547,Y,-,1445,1245,-
267,서울특별시,말죽거리주유소,서울 서초구 남부순환로 2650 (양재동),GS칼텍스,02-579-9933,N,-,1446,1246,1216
268,서울특별시,(주)대농석유 남태령주유소,서울 서초구 과천대로 838 (방배동),SK에너지,02-587-0895,Y,-,1447,1257,-
269,서울특별시,현대오일뱅크㈜직영 양재현대주유소,서울 서초구 마방로 6,현대오일뱅크,02-579-8429,N,1622,1448,1254,1070
270,서울특별시,현대오일뱅크(주)직영 팔레스주유소,서울 서초구 사평대로 136 (반포동),현대오일뱅크,02-720-0020,N,1599,1449,1249,-
271,서울특별시,한독주유소,서울 서초구 방배로 218 (방배동),GS칼텍스,02-3477-6127,N,1625,1449,1249,-
272,서울특별시,에너지플러스허브 삼방주유소,서울 서초구 사평대로 364 (서초동),GS칼텍스,02-536-5145,Y,1624,1454,1268,-
273,서울특별시,지에스칼텍스(주)내곡주유소,서울 서초구 헌릉로 210,GS칼텍스,02-573-7878,N,1595,1455,1265,1250
274,서울특별시,지에스칼텍스(주)헌릉로주유소,서울 서초구 헌릉로 177 (내곡동),GS칼텍스,02-574-0828,Y,1595,1455,1265,1230
275,서울특별시,신반포주유소,서울 서초구 사평대로 94 (반포동),SK에너지,02-533-5151,N,1599,1458,1288,1100
276,서울특별시,지에스칼텍스(주)선천주유소,서울 서초구 동작대로 206 (방배동),GS칼텍스,02-592-4915,N,1589,1459,1269,-
277,서울특별시,현대오일뱅크㈜직영 반포셀프주유소,서울 서초구 사평대로 12,현대오일뱅크,02-599-5189,Y,1609,1459,1259,-
278,서울특별시,(주)한미건설 서울주유소,서울 서초구 서초중앙로 91 (서초동),GS칼텍스,02-597-5152,N,-,1465,1265,-
279,서울특별시,태봉셀프주유소,서울 서초구 태봉로 117 (우면동),SK에너지,02-571-8000,Y,-,1465,1265,-
280,서울특별시,(주)한미석유 서초주유소,서울 서초구 반포대로 64 (서초동),GS칼텍스,02-582-5198,N,1635,1465,1265,-
281,서울특별시,현대오일뱅크(주)직영 방배현대주유소,서울 서초구 동작대로 182 (방배동),현대오일뱅크,02-534-0051,N,1599,1469,1269,1100
282,서울특별시,서초꽃마을주유소,서울 서초구 반포대로 69 (서초동),GS칼텍스,02-523-5551,N,1635,1475,1275,-
283,서울특별시,현대오일뱅크(주)직영 서초제일주유소,서울 서초구 사임당로 116 (서초동),현대오일뱅크,02-587-6080,N,1649,1477,1293,-
284,서울특별시,지에스칼텍스(주)남서울주유소,서울 서초구 나루터로 83 (잠원동),GS칼텍스,02-542-1517,N,1632,1482,1295,990
285,서울특별시,대성석유(주)연일주유소,서울 서초구 남부순환로 2451,GS칼텍스,02-3471-5151,N,1698,1485,1298,1100
286,서울특별시,대신석유(주)대우주유소,서울 서초구 양재대로 173 (양재동),SK에너지,02-572-0567,Y,-,1489,1287,-
287,서울특별시,반포그린주유소,서울 서초구 서초중앙로 239 (반포동),GS칼텍스,02-532-5147,N,1658,1492,1340,-
288,서울특별시,대성산업(주)직영 터미널(고속)주유소,서울 서초구 신반포로 222 (반포동),GS칼텍스,02-535-3001,N,1658,1492,1340,1000
289,서울특별시,대성산업(주)직영강남주유소,서울 서초구 반포대로 284 (반포동),GS칼텍스,02-594-5987,N,1658,1492,1340,-
290,서울특별시,양재최고주유소,서울 서초구 매헌로 72 (양재동),S-OIL,02-2057-5189,N,-,1495,1295,-
291,서울특별시,(주)홈런주유소,서울 서초구 양재대로2길 100-30 (우면동),S-OIL,02-577-5151,Y,-,1495,1295,-
292,서울특별시,크로바주유소,서울 서초구 효령로 327 (서초동),SK에너지,02-586-8100,N,1829,1539,1435,-
293,서울특별시,방배동주유소,서울 서초구 효령로 29 (방배동),SK에너지,02-584-2086,N,-,1571,1347,-
294,서울특별시,현대오일뱅크㈜직영 사평로주유소,서울 서초구 사평대로 350 (서초동),현대오일뱅크,02-3481-2513,N,1839,1662,1467,-
295,서울특별시,(주)선문에너지 중앙주유소,서울특별시 서초구  바우뫼로 219 (양재1동),S-OIL,02-575-5110,N,2088,1867,1667,1250
296,서울특별시,대신석유㈜서원주유소,서울 서초구 반포대로 142 (서초동),SK에너지,02-599-3657,N,1998,1878,1678,-
297,서울특별시,선우상사Q엔느,서울 서초구 방배로 66 (방배동),SK에너지,02-581-5101,N,2208,1942,1738,-
298,서울특별시,전당앞주유소,서울 서초구 남부순환로 2391 (서초동),SK에너지,02-597-2381,N,-,-,-,-
299,서울특별시,(주)서울에너지 직영,서울 성동구 천호대로 324 (용답동),S-OIL,02-3390-4338,Y,-,1427,1227,-
300,서울특별시,KLP제2주유소,서울 성동구 동일로 249 (송정동),현대오일뱅크,02-465-5182,Y,-,1435,1235,-
301,서울특별시,정호주유소,서울 성동구 고산자로 307 (마장동),자가상표,02-2297-9442,N,-,1438,1238,-
302,서울특별시,현대오일뱅크(주) 성동셀프주유소,서울 성동구 마장로 311 (마장동),현대오일뱅크,02-2299-7333,Y,1638,1445,1245,-
303,서울특별시,지에스칼텍스㈜ 도루코주유소,서울 성동구 아차산로 180,GS칼텍스,02-463-6919,Y,1665,1475,1275,1030
304,서울특별시,아이콘주유소,서울 성동구 고산자로 273 (도선동),S-OIL,02-2291-5189,N,-,1478,1278,1100
305,서울특별시,SK에너지(주) 군자동주유소,서울 성동구 천호대로 446 (용답동),SK에너지,02-2244-4945,N,1599,1479,1279,-
306,서울특별시,삼우주유소,서울 성동구 천호대로 392,SK에너지,02-2245-8974,N,-,1498,1298,-
307,서울특별시,경진주유소,서울 성동구 고산자로 348 (마장동),SK에너지,02-2295-3331,N,-,1498,1298,1200
308,서울특별시,현대오일뱅크㈜직영 효진주유소,서울 성동구 동일로 129,현대오일뱅크,02-464-7252,N,1668,1498,1298,1028
309,서울특별시,SK에너지(주) 성수주유소,서울 성동구 뚝섬로 352 (성수동1가),SK에너지,02-467-7240,N,1659,1516,1316,-
310,서울특별시,kh에너지(주)성수만세주유소,서울 성동구 왕십리로 109,SK에너지,02-499-8223,Y,1735,1516,1316,-
311,서울특별시,SK세원2주유소,서울 성동구 광나루로 184 (성수동1가),SK에너지,02-462-5665,N,1810,1530,1325,-
312,서울특별시,금호주유소,서울 성동구 금호로 39 (금호동4가),GS칼텍스,02-2297-0066,N,-,1635,1448,1320
313,서울특별시,청계로주유소,서울 성동구 청계천로 454 (하왕십리동),SK에너지,02-2294-4225,N,-,1698,1547,1245
314,서울특별시,(주)옥수하이웨이스테이션,서울 성동구 독서당로 168 (옥수동),GS칼텍스,02-2282-5151,N,1993,1705,1557,-
315,서울특별시,동일주유소,서울 성동구 광나루로 254 (성수동2가),현대오일뱅크,02-461-7100,N,1999,1745,1547,1198
316,서울특별시,원천주유소,서울 성북구 돌곶이로 142 (장위동),알뜰주유소,070-4007-1051,N,-,1395,1195,-
317,서울특별시,(주)삼표에너지 정릉주유소,서울 성북구 보국문로 35 (정릉동),GS칼텍스,02-914-6556,Y,1589,1398,1198,900
318,서울특별시,강산제2주유소,서울 성북구 보국문로 52,현대오일뱅크,02-942-1448,Y,-,1398,1198,900
319,서울특별시,장위주유소,서울 성북구 화랑로 110 (하월곡동),S-OIL,02-6498-5189,Y,-,1408,1207,-
320,서울특별시,(주)성북주유소,서울 성북구 보문로 142,현대오일뱅크,02-928-4900,Y,-,1409,1209,-
321,서울특별시,이케이에너지㈜ 강산주유소,서울 성북구 보문로 27 (보문동7가),GS칼텍스,02-953-1448,Y,-,1409,1209,1000
322,서울특별시,현대오일뱅크(주)직영 장삼주유소,서울 성북구 한천로 612 (장위동),현대오일뱅크,02-909-0314,Y,1679,1417,1217,999
323,서울특별시,㈜명연에너지 효성주유소,서울 성북구 화랑로 27,GS칼텍스,02-942-5150,N,1899,1418,1349,1149
324,서울특별시,SK에너지(주) 드림랜드주유소,서울 성북구 월계로 128 (장위동),SK에너지,02-916-9906,N,-,1427,1227,-
325,서울특별시,(주)신용 구도일주유소화랑로,서울 성북구 화랑로 174,S-OIL,02-963-0051,Y,-,1427,1237,-
326,서울특별시,신동방주유소,서울 성북구 월계로 84 (장위동),S-OIL,02-918-5151,N,-,1427,1227,-
327,서울특별시,GS칼텍스(주) 종암주유소,서울 성북구 종암로 145 (종암동),GS칼텍스,02-921-7785,Y,1578,1428,1228,-
328,서울특별시,재정제2주유소 길음지점,서울 성북구 삼양로 78 (길음동),현대오일뱅크,02-980-1311,N,-,1429,1229,1200
329,서울특별시,신방주유소,서울 성북구 안암로 111 (안암동5가),S-OIL,02-922-5151,N,-,1432,1233,-
330,서울특별시,삼선주유소,서울 성북구 창경궁로 324,S-OIL,02-766-5105,Y,1895,1437,1237,-
331,서울특별시,현대오일뱅크㈜직영 광덕셀프주유소,서울 성북구 보문로 89 (보문동5가),현대오일뱅크,02-923-5545,Y,1597,1437,1237,-
332,서울특별시,우리주유소,서울 성북구 화랑로 292,SK에너지,02-969-5185,Y,-,1438,1238,-
333,서울특별시,현대오일뱅크㈜직영 고대셀프주유소,서울 성북구 종암로 12 (종암동),현대오일뱅크,02-912-5151,Y,1569,1438,1238,-
334,서울특별시,현대오일뱅크㈜직영 북악셀프주유소,서울 성북구 정릉로 218 (정릉동),현대오일뱅크,02-911-5189,Y,-,1439,1239,-
335,서울특별시,지에스칼텍스㈜ 화랑주유소,서울 성북구 화랑로 185,GS칼텍스,02-942-5152,N,-,1439,1239,1100
336,서울특별시,중앙에너비스 종암지점,서울 성북구 종암로 58,SK에너지,070-8707-4565,Y,-,1458,1258,-
337,서울특별시,지에스칼텍스㈜ 세창주유소,서울 성북구 동소문로 323,GS칼텍스,02-988-2491,Y,1662,1459,1259,1120
338,서울특별시,현대오일뱅크㈜직영 아리랑주유소,서울 성북구 아리랑로 96 (정릉동),현대오일뱅크,02-941-5189,N,1599,1459,1259,1025
339,서울특별시,동일주유소,서울특별시 성북구  보문로 85 (보문동5가),GS칼텍스,02-923-8484,N,-,1499,1295,1285
340,서울특별시,지에스이앤알 직영 송파제일주유소,서울 송파구 삼학사로 50 (석촌동),현대오일뱅크,02-424-2900,Y,-,1420,1220,-
341,서울특별시,삼화주유소,서울 송파구 백제고분로 125,GS칼텍스,02-2203-2280,Y,1559,1433,1232,-
342,서울특별시,아시아주유소,서울 송파구 도곡로 438 (잠실동),GS칼텍스,02-416-1911,Y,1559,1433,1232,-
343,서울특별시,삼전셀프주유소,서울 송파구 백제고분로 199,SK에너지,02-420-5101,Y,1559,1433,1232,-
344,서울특별시,삼정주유소,서울 송파구 백제고분로 252 (삼전동),GS칼텍스,02-412-5189,Y,-,1433,1232,-
345,서울특별시,위례제일주유소,서울 송파구 위례서로 258,S-OIL,02-408-9951,Y,-,1433,1234,-
346,서울특별시,상아주유소,서울 송파구 거마로 82 (마천동),현대오일뱅크,02-409-8251,Y,-,1433,1234,950
347,서울특별시,현대오일뱅크㈜직영 잠실셀프주유소,서울 송파구 송파대로 397 (석촌동),현대오일뱅크,02-417-7111,Y,1588,1434,1232,1240
348,서울특별시,백제고분로주유소,서울 송파구 오금로 143 (방이동),SK에너지,02-2202-4050,Y,1545,1437,1236,-
349,서울특별시,(주)삼표에너지 훼미리주유소,서울 송파구 중대로 58 (문정동),GS칼텍스,02-448-9252,N,1638,1438,1238,1200
350,서울특별시,대성주유소,서울 송파구 마천로 230 (마천동),SK에너지,02-431-1991,N,-,1438,1238,960
351,서울특별시,지에스칼텍스(주)우리주유소,서울 송파구 동남로 153,GS칼텍스,02-3401-1588,N,1575,1439,1248,1220
352,서울특별시,(주)남경석유 세영주유소,서울 송파구 동남로 298,GS칼텍스,02-406-7778,N,-,1439,1248,-
353,서울특별시,(주)잠실에너지,서울 송파구 송파대로 442 (송파동),S-OIL,02-414-5010,Y,1545,1439,1237,-
354,서울특별시,방이주유소,서울 송파구 위례성대로12길 38 (방이동),SK에너지,02-424-3051,N,-,1442,1243,-
355,서울특별시,남성대주유소,서울 송파구 송파대로 52 (장지동),SK에너지,02-409-2211,Y,-,1443,1245,-
356,서울특별시,완불주유소,서울 송파구 송파대로 3 (장지동),SK에너지,02-3402-2900,Y,1565,1443,1245,-
357,서울특별시,(주)뉴명성산업 남성주유소,서울 송파구 백제고분로 474 (방이동),현대오일뱅크,02-423-5128,N,-,1445,1239,-
358,서울특별시,(주)유진주유소,서울 송파구 동남로 325 (오금동),SK에너지,02-406-3956,N,-,1446,1257,-
359,서울특별시,지에스칼텍스(주)가든파이브주유소,서울 송파구 탄천동로 740,GS칼텍스,02-409-5145,Y,1597,1447,1257,-
360,서울특별시,(주)정직한주유소,서울 송파구 오금로 455 (거여동),현대오일뱅크,02-406-4634,Y,-,1448,1248,-
361,서울특별시,(주)퍼스트오일서울주유소,서울 송파구 문정로 153 (가락동),S-OIL,02-407-0708,N,-,1448,1248,1000
362,서울특별시,한강에너지(주)퍼스트주유소,서울 송파구 삼학사로 22 (석촌동),SK에너지,02-422-2834,Y,1615,1455,1255,-
363,서울특별시,제트라인DM주유소,서울 송파구 중대로 183 (가락동),현대오일뱅크,02-430-5151,N,-,1457,1258,-
364,서울특별시,현대오일뱅크㈜직영 거여셀프주유소,서울 송파구 거마로 5 (거여동),현대오일뱅크,02-409-9836,Y,1587,1458,1258,-
365,서울특별시,지에스칼텍스(주)스마트위례주유소,서울 송파구 위례중앙로 43 (장지동),GS칼텍스,02-409-5185,Y,1595,1463,1265,-
366,서울특별시,(주)신화에너지 서울지점,서울 송파구 가락로 47 (석촌동),SK에너지,02-2202-8484,Y,-,1465,1265,1100
367,서울특별시,송파주유소,서울 송파구 송이로 28 (송파동),GS칼텍스,02-2203-3737,Y,-,1467,1267,1100
368,서울특별시,대성석유(주)석촌주유소,서울 송파구 백제고분로 289,GS칼텍스,02-421-0051,N,1697,1478,1308,1100
369,서울특별시,현대오일뱅크㈜직영 서원주유소,서울 송파구 중대로 154 (가락동),현대오일뱅크,02-402-5929,N,1599,1487,1289,1095
370,서울특별시,현대오일뱅크㈜직영 올림픽셀프주유소,서울 송파구 위례성대로 188 (오금동),현대오일뱅크,02-448-9804,Y,1559,1487,1289,-
371,서울특별시,송파알찬주유소,서울 송파구 백제고분로 229 (삼전동),S-OIL,02-3432-0028,N,-,1538,1339,1298
372,서울특별시,대신석유(주)진양주유소,서울 송파구 올림픽로 499 (풍납동),SK에너지,02-477-1906,N,1739,1689,1489,-
373,서울특별시,현대주유소,서울 양천구 남부순환로 372 (신월동),S-OIL,02-2608-9231,Y,-,1388,1188,-
374,서울특별시,형산석유(주)원주유소,서울 양천구 남부순환로 408,현대오일뱅크,02-2690-5837,N,-,1398,1198,1100
375,서울특별시,개나리Self주유소,서울 양천구 남부순환로 442 (신월동),SK에너지,02-2606-5189,Y,-,1398,1198,-
376,서울특별시,양천구주유소,서울 양천구 국회대로 275 (목동),알뜰주유소,02-2644-5105,Y,-,1405,1205,-
377,서울특별시,지에스칼텍스㈜ 서호주유소,서울 양천구 남부순환로 317,GS칼텍스,02-2602-5172,Y,1565,1415,1215,1015
378,서울특별시,가로공원주유소,서울 양천구 가로공원로 165 (신월동),SK에너지,02-2695-3423,N,-,1415,1215,-
379,서울특별시,지에스이앤알 직영 서울주유소,서울 양천구 신정로 236 (신정동),GS칼텍스,02-2607-9478,N,-,1415,1215,-
380,서울특별시,신월주유소,서울 양천구 신월로 193 (신월동),GS칼텍스,02-2603-5182,Y,-,1418,1218,1100
381,서울특별시,(주)블루에너지,서울 양천구 중앙로 226 (신정동),SK에너지,02-2646-6212,Y,-,1429,1229,-
382,서울특별시,현대오일뱅크(주)직영 양천셀프주유소,서울 양천구 목동로 17,현대오일뱅크,02-2644-5185,Y,1599,1439,1239,-
383,서울특별시,SK에너지(주) 신평,서울 양천구 목동남로 62 (신정동),SK에너지,02-2654-5145,N,1599,1439,1239,998
384,서울특별시,현대오일뱅크㈜직영 목동셀프주유소,서울 양천구 공항대로 648 (목동),현대오일뱅크,02-2648-4204,Y,-,1440,1240,-
385,서울특별시,지에스칼텍스㈜ 건지주유소,서울 양천구 안양천로 1171 (목동),GS칼텍스,02-2644-5108,Y,1590,1440,1240,1030
386,서울특별시,현대오일뱅크(주)직영 남부순환셀프주유소,서울 양천구 남부순환로 553 (신월동),현대오일뱅크,02-2690-5001,Y,1609,1444,1244,-
387,서울특별시,SK에너지(주) 경인주유소,서울 양천구 국회대로 170 (신정동),SK에너지,02-2693-4994,Y,-,1449,1249,-
388,서울특별시,(주)삼표에너지 목동주유소,서울 양천구 목동서로 129 (목동),GS칼텍스,02-2654-5153,N,1649,1449,1249,-
389,서울특별시,신정동주유소,서울 양천구 안양천로 663 (신정동),현대오일뱅크,02-2651-5189,Y,-,1458,1258,-
390,서울특별시,목동주유소,서울 양천구 목동중앙로 125 (목동),SK에너지,02-2645-5104,Y,-,1458,1258,-
391,서울특별시,(주)서부트럭터미날,서울 양천구 신정로 167 (신정동),현대오일뱅크,02-2614-0047,N,-,1459,1259,1100
392,서울특별시,현대오일뱅크(주) 양천주유소,서울 양천구 안양천로 1179 (목동),현대오일뱅크,02-2653-5189,N,1614,1460,1253,-
393,서울특별시,대농self주유소,서울 양천구 중앙로 331 (신월동),SK에너지,02-2694-4966,Y,-,1464,1264,-
394,서울특별시,양정주유소,서울 양천구 국회대로 158 (신정동),현대오일뱅크,02-2691-5185,N,-,1478,1278,-
395,서울특별시,현대오일뱅크(주)직영 신목동셀프주유소,서울 양천구 목동동로10길 13,현대오일뱅크,02-2642-5188,Y,1679,1484,1274,-
396,서울특별시,신양주유소,서울 양천구 지양로 67,SK에너지,02-2608-3312,N,-,1499,1289,1199
397,서울특별시,현대오일뱅크㈜직영 코리아주유소,서울 양천구 신목로7길 1,현대오일뱅크,02-2646-6121,N,1799,1694,1494,-
398,서울특별시,평화주유소,서울 양천구 안양천로 657 (신정동),SK에너지,02-2647-2122,N,1897,1697,1476,-
399,서울특별시,남서울고속주유소,서울 영등포구 가마산로 367 (대림동),SK에너지,02-843-5151,Y,-,1379,1179,-
400,서울특별시,도림주유소,서울 영등포구 도림로 343 (도림동),알뜰주유소,02-835-8881,Y,-,1384,1184,-
401,서울특별시,(주)강서오일,서울 영등포구 도신로 151,현대오일뱅크,02-832-1700,N,-,1389,1189,899
402,서울특별시,(주)대청에너지 대청주유소,서울 영등포구 가마산로 328 (대림동),GS칼텍스,02-841-8780,N,-,1399,1199,-
403,서울특별시,(주)MS주유소,서울 영등포구 대림로 230,현대오일뱅크,02-849-5577,N,-,1399,1199,-
404,서울특별시,행촌주유소,서울 영등포구 도신로 130 (신길동),SK에너지,070-7758-5189,N,-,1409,1209,-
405,서울특별시,지에스칼텍스㈜ 화일주유소,서울 영등포구 도림로 415,GS칼텍스,02-2633-5546,Y,1565,1415,1215,1139
406,서울특별시,매봉주유소,서울 영등포구 도신로 248 (신길동),현대오일뱅크,02-836-8851,Y,-,1417,1217,1100
407,서울특별시,지에스칼텍스㈜ 신길주유소,서울 영등포구 신길로 74 (신길동),GS칼텍스,02-833-1113,Y,1579,1429,1229,1034
408,서울특별시,(주)한미석유 제2한강주유소,서울 영등포구 선유로 260 (양평동4가),GS칼텍스,02-2633-2716,Y,-,1438,1238,-
409,서울특별시,한경석유(주)경덕주유소,서울 영등포구 여의대방로23길 2 (신길동),SK에너지,02-843-3900,Y,-,1438,1238,-
410,서울특별시,선유도주유소,서울 영등포구 양평로 141 (양평동5가),S-OIL,02-2671-5223,Y,-,1438,1238,-
411,서울특별시,㈜지에스이앤알 모드니주유소,서울 영등포구 경인로 789,GS칼텍스,02-2637-7788,N,-,1438,1238,-
412,서울특별시,SK에너지(주) 양평주유소,서울 영등포구 선유로 195 (양평동3가),SK에너지,02-2633-1013,Y,-,1438,1238,-
413,서울특별시,SK에너지(주) 기린주유소,서울 영등포구 선유로 270,SK에너지,02-2671-5182,Y,-,1438,1238,1170
414,서울특별시,SK에너지(주) 신길동주유소,서울 영등포구 영등포로 348 (신길동),SK에너지,02-843-0481,N,1539,1439,1239,1173
415,서울특별시,현대오일뱅크㈜직영 영등포제일셀프주유소,서울 영등포구 가마산로 379,현대오일뱅크,02-847-5151,Y,-,1440,1194,-
416,서울특별시,한일주유소,서울 영등포구 도림로 486 (문래동3가),SK에너지,02-2679-1794,N,-,1440,1280,1100
417,서울특별시,현대오일뱅크㈜직영 대일셀프주유소,서울 영등포구 영등포로 168,현대오일뱅크,02-2068-8700,Y,1629,1449,1249,-
418,서울특별시,대영주유소,서울 영등포구 국회대로 632 (영등포동7가),GS칼텍스,02-2672-1151,Y,-,1450,1340,-
419,서울특별시,현대오일뱅크(주)직영 영등포현대셀프,서울 영등포구 경인로 822 (영등포동),현대오일뱅크,02-2678-0503,Y,-,1455,1245,-
420,서울특별시,씨앤에스유통 한성주유소,서울 영등포구 여의대방로 227,S-OIL,02-849-5180,N,-,1469,1269,1100
421,서울특별시,성원이앤에스(주)영등포지점,서울 영등포구 국회대로52길 9-13 (영등포동7가),GS칼텍스,02-2635-7781,N,-,1728,1528,1230
422,서울특별시,sk여명주유소,서울 영등포구 국회대로62길 7 (여의도동),SK에너지,02-782-5111,N,-,1798,1598,-
423,서울특별시,버드나룻길주유소,서울 영등포구 버드나루로 111 (당산동),SK에너지,02-2634-5104,N,2099,1940,1750,1340
424,서울특별시,KH여의도주유소,서울 영등포구 국회대로 794 (여의도동),SK에너지,02-761-5101,N,2020,1950,1759,-
425,서울특별시,SJ오일(주) 여의도주유소,서울 영등포구 은행로 64,GS칼텍스,02-785-8201,N,2020,1950,1790,1288
426,서울특별시,지에스칼텍스(주) 국회대로주유소,서울 영등포구 국회대로 746 (여의도동),GS칼텍스,02-761-5122,N,2024,1954,1754,-
427,서울특별시,현대오일뱅크㈜직영 여의도현대주유소,서울 영등포구 의사당대로 154 (여의도동),현대오일뱅크,02-780-3466,N,2039,1979,1779,-
428,서울특별시,보라주유소,서울 영등포구 영등포로 399 (신길동),GS칼텍스,02-842-1155,N,-,-,-,-
429,서울특별시,성락주유소,서울 영등포구 가마산로 414 (신길동),S-OIL,02-842-6148,Y,-,-,-,-
430,서울특별시,(주)한독모터스용산뉴타운주유소,서울 용산구 한강대로 48 (한강로3가),GS칼텍스,02-796-4635,N,1758,1538,1438,848
431,서울특별시,현대오일뱅크㈜직영 강변현대주유소,서울 용산구 원효로 9 (청암동),현대오일뱅크,02-712-7124,N,1749,1598,1478,-
432,서울특별시,한석주유소,서울 용산구 이촌로 164,SK에너지,02-790-1020,N,1898,1698,1598,-
433,서울특별시,제3한강주유소,서울 용산구 한남대로 45 (한남동),GS칼텍스,02-749-3180,N,2013,1718,1577,-
434,서울특별시,(주)영원 풍기주유소,서울 용산구 원효로 178 (원효로2가),GS칼텍스,02-719-2202,N,2049,1720,1548,1367
435,서울특별시,(주)남경주유소,서울 용산구 녹사평대로11길 24,SK에너지,02-793-2954,N,2018,1799,1699,1094
436,서울특별시,(주)신태성주유소,서울 용산구 원효로 147 (원효로3가),SK에너지,02-701-9447,N,2093,1799,1676,1090
437,서울특별시,현대오일뱅크(주)직영 소월길주유소,서울 용산구 소월로 66 (후암동),현대오일뱅크,02-318-3314,N,2297,1858,1688,-
438,서울특별시,현대오일뱅크㈜직영 갈월동주유소,서울 용산구 한강대로 322 (갈월동),현대오일뱅크,02-754-5217,N,2259,1863,1658,969
439,서울특별시,동자동주유소,서울 용산구 한강대로104길 6 (동자동),SK에너지,02-754-9843,N,2290,1890,1790,1200
440,서울특별시,현대오일뱅크㈜직영 한남동주유소,서울 용산구 한남대로 204 (한남동),현대오일뱅크,02-795-0802,N,2095,1898,1758,-
441,서울특별시,한남지점,서울 용산구 한남대로21길 4 (한남동),SK에너지,070-8707-4586,N,2228,1998,1798,-
442,서울특별시,에너비스,서울 용산구 한남대로 82 (한남동),SK에너지,070-8707-4572,N,2228,1998,1798,-
443,서울특별시,서계주유소,서울 용산구 청파로 367 (서계동),GS칼텍스,02-706-6485,N,2478,2189,1989,1462
444,서울특별시,불광주유소,서울 은평구 연서로 314 (불광동),현대오일뱅크,02-382-5149,Y,1613,1413,1213,-
445,서울특별시,타이거주유소,서울 은평구 수색로 188 (증산동),SK에너지,02-309-9145,Y,-,1414,1214,1000
446,서울특별시,지에스칼텍스(주)수색뉴타운주유소,서울특별시 은평구  수색로 350 (수색동),GS칼텍스,02-309-5051,Y,-,1414,1214,-
447,서울특별시,(주)명연에너지 수색훼미리주유소,서울 은평구 수색로 236 (수색동),현대오일뱅크,02-374-8770,Y,-,1418,1249,-
448,서울특별시,다회주유소,서울 은평구 증산로 441 (신사동),S-OIL,02-375-5156,Y,-,1419,1219,-
449,서울특별시,뉴타운셀프주유소,서울특별시 은평구  통일로 1031,S-OIL,02-355-3055,Y,-,1425,1225,-
450,서울특별시,지에스칼텍스㈜ 신사제일주유소,서울 은평구 증산로 423 (신사동),GS칼텍스,02-308-4333,Y,1600,1430,1230,945
451,서울특별시,지에스칼텍스㈜ 서부주유소,서울 은평구 응암로 210 (응암동),GS칼텍스,02-302-6041,Y,1600,1430,1230,1000
452,서울특별시,지에스칼텍스㈜ 녹번주유소,서울 은평구 통일로 600 (녹번동),GS칼텍스,02-385-5002,Y,1600,1430,1230,-
453,서울특별시,박석고개주유소,서울 은평구 통일로 945 (갈현동),SK에너지,02-388-0477,Y,-,1435,1235,-
454,서울특별시,은평뉴타운주유소,서울 은평구 통일로 924 (불광동),SK에너지,02-355-0349,Y,-,1435,1235,1030
455,서울특별시,대성산업㈜ 대성주유소,서울 은평구 통일로 642,GS칼텍스,02-355-3434,Y,1628,1439,1239,-
456,서울특별시,성원이앤에스(주)은평지점,서울 은평구 통일로 968 (진관동),GS칼텍스,02-352-4451,N,1640,1439,1239,-
457,서울특별시,현대오일뱅크㈜직영 은평드림주유소,서울 은평구 통일로 1151 (진관동),현대오일뱅크,02-354-5182,N,1628,1445,1235,1000
458,서울특별시,제이제이에너지,서울 은평구 응암로 163,SK에너지,02-303-1448,Y,-,1447,1247,-
459,서울특별시,코끼리주유소,서울 은평구 서오릉로 41 (녹번동),자가상표,02-384-4000,N,-,1498,1298,-
460,서울특별시,삼융주유소,서울 은평구 수색로 299 (수색동),SK에너지,02-307-3314,N,-,-,-,-
461,서울특별시,안풍주유소,서울 종로구 자하문로 303,S-OIL,02-396-5151,N,1830,1510,1310,-
462,서울특별시,㈜지에스이앤알 평창주유소,서울 종로구 평창문화로 135 (평창동),현대오일뱅크,02-391-5185,N,-,1515,1315,-
463,서울특별시,자하문주유소,서울 종로구 자하문로 248 (부암동),SK에너지,02-396-5252,Y,1840,1517,1317,-
464,서울특별시,구도일주유소특종,서울 종로구 평창문화로 90 (평창동),S-OIL,02-379-6524,N,1840,1540,1340,1150
465,서울특별시,현대오일뱅크㈜직영 재동주유소,서울 종로구 율곡로 58 (경운동),현대오일뱅크,02-732-3968,N,-,1888,1627,1000
466,서울특별시,SK북악주유소,서울 종로구 평창문화로 137,SK에너지,02-395-6500,N,2098,1898,1698,-
467,서울특별시,경복궁주유소,서울 종로구 율곡로 6 (중학동),GS칼텍스,02-6016-6981,N,2198,1995,1798,-
468,서울특별시,(주)중앙에너비스 혜화주유소,서울 종로구 창경궁로35길 1,SK에너지,070-8707-4563,N,2228,1998,1798,1020
469,서울특별시,(주)대양씨앤씨 사직주유소,서울 종로구 사직로 65 (사직동),GS칼텍스,02-735-4858,N,2208,1998,1798,1290
470,서울특별시,세화주유소,서울 중구 왕십리로 403,알뜰주유소,02-2234-3451,N,-,1498,1298,1050
471,서울특별시,현대오일뱅크 장원주유소,서울 중구 동호로 203 (신당동),현대오일뱅크,02-2236-2759,N,1858,1628,1428,1100
472,서울특별시,장충주유소,서울 중구 장충단로 202 (장충동1가),SK에너지,02-2279-9965,N,2198,1758,1598,-
473,서울특별시,신당동주유소,서울 중구 다산로 242 (신당동),SK에너지,02-2252-6688,N,1998,1798,1648,1100
474,서울특별시,화성주유소,서울 중구 다산로 233,S-OIL,02-2252-2210,N,1958,1798,1638,1100
475,서울특별시,SK에너지(주) 통일주유소,서울 중구 동호로 296,SK에너지,02-2285-5150,N,1979,1869,1669,1210
476,서울특별시,약수주유소,서울 중구 다산로 173,GS칼텍스,02-2252-3345,N,2296,1971,1784,-
477,서울특별시,SK에너지(주) 퇴계로주유소,서울 중구 퇴계로 228 (필동2가),SK에너지,02-2273-5189,N,2214,2099,1929,-
478,서울특별시,필동주유소,서울 중구  퇴계로 196 (필동2가),GS칼텍스,02-2267-8025,N,2409,2119,1949,1349
479,서울특별시,서남주유소,서울 중구 통일로 30,SK에너지,02-752-2262,N,2654,2254,2072,1512
480,서울특별시,에스씨(주) 역전주유소,서울 중구 퇴계로 15,GS칼텍스,02-752-6880,N,-,-,-,-
481,서울특별시,(주)자연에너지 대창주유소,서울 중랑구 동일로 636 (면목동),현대오일뱅크,02-434-1448,N,-,1417,1217,900
482,서울특별시,면목SELF주유소,서울 중랑구 동일로 627 (면목동),SK에너지,02-437-4072,Y,-,1417,1217,-
483,서울특별시,우림주유소,서울 중랑구 용마산로 487 (망우동),GS칼텍스,02-433-9990,Y,-,1425,1225,-
484,서울특별시,구도일주유소 동천,서울 중랑구 동일로 654 (면목동),S-OIL,02-495-0081,Y,-,1427,1227,-
485,서울특별시,신내주유소,서울 중랑구 용마산로 705 (신내동),SK에너지,02-2207-0523,Y,-,1427,1228,1050
486,서울특별시,오천만주유소,서울 중랑구 동일로 547 (면목동),S-OIL,070-7797-7474,Y,-,1427,1227,-
487,서울특별시,(주)기지에너지,서울 중랑구 용마산로 716 (신내동),S-OIL,02-2207-9419,N,-,1429,1229,1000
488,서울특별시,대양주유소,서울 중랑구 봉우재로 105 (상봉동),GS칼텍스,02-437-5457,N,-,1435,1235,970
489,서울특별시,대원주유소,서울 중랑구 동일로 600,GS칼텍스,02-438-6111,Y,1627,1437,1237,1050
490,서울특별시,(주)태영 구도일주유소 한인,서울 중랑구 망우로 170 (상봉동),S-OIL,02-438-5151,Y,1557,1437,1237,900
491,서울특별시,망우주유소(self),서울 중랑구 망우로 311 (상봉동),GS칼텍스,02-432-5145,Y,-,1445,1245,-
492,서울특별시,지에스칼텍스㈜ 소망주유소,서울 중랑구 망우로 475,GS칼텍스,02-494-0400,Y,-,1449,1249,1000
493,서울특별시,용마로주유소,서울 중랑구 용마산로 309 (면목동),SK에너지,02-439-3037,Y,-,1456,1256,1000
494,서울특별시,현대오일뱅크㈜직영 중랑교셀프주유소,서울 중랑구 망우로 229 (중화동),현대오일뱅크,02-493-0115,Y,1618,1458,1258,-
495,서울특별시,재원에너지㈜ 범아주유소,서울 중랑구 동일로 881 (묵동),S-OIL,02-974-8356,N,-,1458,1258,1090
496,서울특별시,신일셀프주유소,서울 중랑구 상봉로 58 (망우동),SK에너지,02-436-3651,Y,-,1459,1259,1100
